{
  "ABIRoot": {
    "kind": "Root",
    "name": "TopLevel",
    "printedName": "TopLevel",
    "children": [
      {
        "kind": "Import",
        "name": "UIKit",
        "printedName": "UIKit",
        "declKind": "Import",
        "moduleName": "TCConsent",
        "declAttributes": [
          "RawDocComment"
        ]
      },
      {
        "kind": "TypeDecl",
        "name": "TCUITableView",
        "printedName": "TCUITableView",
        "children": [
          {
            "kind": "Function",
            "name": "reloadData",
            "printedName": "reloadData()",
            "children": [
              {
                "kind": "TypeNominal",
                "name": "Void",
                "printedName": "()"
              }
            ],
            "declKind": "Func",
            "usr": "c:@M@TCConsent@objc(cs)TCUITableView(im)reloadData",
            "mangledName": "$s9TCConsent13TCUITableViewC10reloadDatayyF",
            "moduleName": "TCConsent",
            "overriding": true,
            "objc_name": "reloadData",
            "declAttributes": [
              "Dynamic",
              "ObjC",
              "Custom",
              "Override",
              "AccessControl"
            ],
            "funcSelfKind": "NonMutating"
          },
          {
            "kind": "Var",
            "name": "intrinsicContentSize",
            "printedName": "intrinsicContentSize",
            "children": [
              {
                "kind": "TypeNominal",
                "name": "CGSize",
                "printedName": "CoreFoundation.CGSize",
                "usr": "c:@S@CGSize"
              }
            ],
            "declKind": "Var",
            "usr": "c:@M@TCConsent@objc(cs)TCUITableView(py)intrinsicContentSize",
            "mangledName": "$s9TCConsent13TCUITableViewC20intrinsicContentSizeSo6CGSizeVvp",
            "moduleName": "TCConsent",
            "overriding": true,
            "objc_name": "intrinsicContentSize",
            "declAttributes": [
              "Dynamic",
              "ObjC",
              "Custom",
              "AccessControl",
              "Override"
            ],
            "accessors": [
              {
                "kind": "Accessor",
                "name": "Get",
                "printedName": "Get()",
                "children": [
                  {
                    "kind": "TypeNominal",
                    "name": "CGSize",
                    "printedName": "CoreFoundation.CGSize",
                    "usr": "c:@S@CGSize"
                  }
                ],
                "declKind": "Accessor",
                "usr": "c:@M@TCConsent@objc(cs)TCUITableView(im)intrinsicContentSize",
                "mangledName": "$s9TCConsent13TCUITableViewC20intrinsicContentSizeSo6CGSizeVvg",
                "moduleName": "TCConsent",
                "overriding": true,
                "objc_name": "intrinsicContentSize",
                "declAttributes": [
                  "Dynamic",
                  "ObjC"
                ],
                "accessorKind": "get"
              }
            ]
          },
          {
            "kind": "Constructor",
            "name": "init",
            "printedName": "init(frame:style:)",
            "children": [
              {
                "kind": "TypeNominal",
                "name": "TCUITableView",
                "printedName": "TCConsent.TCUITableView",
                "usr": "c:@M@TCConsent@objc(cs)TCUITableView"
              },
              {
                "kind": "TypeNominal",
                "name": "CGRect",
                "printedName": "CoreFoundation.CGRect",
                "usr": "c:@S@CGRect"
              },
              {
                "kind": "TypeNominal",
                "name": "Style",
                "printedName": "UIKit.UITableView.Style",
                "usr": "c:@E@UITableViewStyle"
              }
            ],
            "declKind": "Constructor",
            "usr": "c:@M@TCConsent@objc(cs)TCUITableView(im)initWithFrame:style:",
            "mangledName": "$s9TCConsent13TCUITableViewC5frame5styleACSo6CGRectV_So07UITableC5StyleVtcfc",
            "moduleName": "TCConsent",
            "overriding": true,
            "implicit": true,
            "objc_name": "initWithFrame:style:",
            "declAttributes": [
              "Dynamic",
              "ObjC",
              "Custom",
              "Override"
            ],
            "init_kind": "Designated"
          },
          {
            "kind": "Constructor",
            "name": "init",
            "printedName": "init(coder:)",
            "children": [
              {
                "kind": "TypeNominal",
                "name": "Optional",
                "printedName": "TCConsent.TCUITableView?",
                "children": [
                  {
                    "kind": "TypeNominal",
                    "name": "TCUITableView",
                    "printedName": "TCConsent.TCUITableView",
                    "usr": "c:@M@TCConsent@objc(cs)TCUITableView"
                  }
                ],
                "usr": "s:Sq"
              },
              {
                "kind": "TypeNominal",
                "name": "NSCoder",
                "printedName": "Foundation.NSCoder",
                "usr": "c:objc(cs)NSCoder"
              }
            ],
            "declKind": "Constructor",
            "usr": "c:@M@TCConsent@objc(cs)TCUITableView(im)initWithCoder:",
            "mangledName": "$s9TCConsent13TCUITableViewC5coderACSgSo7NSCoderC_tcfc",
            "moduleName": "TCConsent",
            "overriding": true,
            "implicit": true,
            "objc_name": "initWithCoder:",
            "declAttributes": [
              "Dynamic",
              "ObjC",
              "Custom",
              "Required"
            ],
            "init_kind": "Designated"
          }
        ],
        "declKind": "Class",
        "usr": "c:@M@TCConsent@objc(cs)TCUITableView",
        "mangledName": "$s9TCConsent13TCUITableViewC",
        "moduleName": "TCConsent",
        "isOpen": true,
        "declAttributes": [
          "Custom",
          "AccessControl",
          "ObjC"
        ],
        "superclassUsr": "c:objc(cs)UITableView",
        "inheritsConvenienceInitializers": true,
        "superclassNames": [
          "UIKit.UITableView",
          "UIKit.UIScrollView",
          "UIKit.UIView",
          "UIKit.UIResponder",
          "ObjectiveC.NSObject"
        ],
        "conformances": [
          {
            "kind": "Conformance",
            "name": "Equatable",
            "printedName": "Equatable",
            "usr": "s:SQ",
            "mangledName": "$sSQ"
          },
          {
            "kind": "Conformance",
            "name": "Hashable",
            "printedName": "Hashable",
            "usr": "s:SH",
            "mangledName": "$sSH"
          },
          {
            "kind": "Conformance",
            "name": "CVarArg",
            "printedName": "CVarArg",
            "usr": "s:s7CVarArgP",
            "mangledName": "$ss7CVarArgP"
          },
          {
            "kind": "Conformance",
            "name": "_KeyValueCodingAndObservingPublishing",
            "printedName": "_KeyValueCodingAndObservingPublishing",
            "usr": "s:10Foundation37_KeyValueCodingAndObservingPublishingP",
            "mangledName": "$s10Foundation37_KeyValueCodingAndObservingPublishingP"
          },
          {
            "kind": "Conformance",
            "name": "_KeyValueCodingAndObserving",
            "printedName": "_KeyValueCodingAndObserving",
            "usr": "s:10Foundation27_KeyValueCodingAndObservingP",
            "mangledName": "$s10Foundation27_KeyValueCodingAndObservingP"
          },
          {
            "kind": "Conformance",
            "name": "CustomStringConvertible",
            "printedName": "CustomStringConvertible",
            "usr": "s:s23CustomStringConvertibleP",
            "mangledName": "$ss23CustomStringConvertibleP"
          },
          {
            "kind": "Conformance",
            "name": "CustomDebugStringConvertible",
            "printedName": "CustomDebugStringConvertible",
            "usr": "s:s28CustomDebugStringConvertibleP",
            "mangledName": "$ss28CustomDebugStringConvertibleP"
          },
          {
            "kind": "Conformance",
            "name": "__DefaultCustomPlaygroundQuickLookable",
            "printedName": "__DefaultCustomPlaygroundQuickLookable",
            "usr": "s:s38__DefaultCustomPlaygroundQuickLookableP",
            "mangledName": "$ss38__DefaultCustomPlaygroundQuickLookableP"
          }
        ]
      }
    ],
    "json_format_version": 8
  },
  "ConstValues": []
}